LOCALIDADE,ENDERECO
Planalto da bela vista,Rua Amancio Marinho
Planalto da bela vista,Rua Aristoteles Nogueira
Planalto da bela vista,Rua Governador Raul Barbosa
Planalto da bela vista,Rua Joaquim Pereira
Planalto da bela vista,Rua João Afonso
Planalto da bela vista,Rua Leonides Vieira Leita
Planalto da bela vista,Rua Manoel José da Silva
Planalto da bela vista,Rua Padre Marcondes
Planalto da bela vista,Rua Raimundo Muniz
Planalto da bela vista,Rua TRM
Planalto da bela vista,Travessa da Caixa D'água
Planalto da bela vista,Travessa Francisco de Assis Filho
Planalto da bela vista,Travessa Hamilca Távora
Planalto da bela vista,Travessa João Afonso
Planalto da bela vista,Travessa João Honorato
Planalto da bela vista,Travessa José Muniz da Silva
Planalto da bela vista,Travessa Kennedy Santiago Torres
Planalto da bela vista,Travessa Raimundo Adriano
Planalto da bela vista,Travessa Raimundo Batista de Lima
Varzea alegre,Avenida Coronel Antônio Cordeiro
Varzea alegre,Rua Antônio Barreto
Varzea alegre,Rua Antônio Crisóstomo da Silveira
Varzea alegre,Rua Cristina Lourenço
Varzea alegre,Rua Dona Rosinha Vieira
Varzea alegre,Rua Edvaldo Leite de Oliveira
Varzea alegre,Rua Ester Carvalho Moreira
Varzea alegre,Rua Francisco Martins Oliveira
Varzea alegre,Rua Francisco Ribeiro Perna
Varzea alegre,Rua Francisco Scipião Simões
Varzea alegre,Rua João Martins de Almeida
Varzea alegre,Rua José Gonçalves de OLiveira
Varzea alegre,Rua Monte Carlo
Varzea alegre,Rua Ocion Lopes da Silveira
Varzea alegre,Rua Pedro Castro Meireles
Varzea alegre,Rua Raimundo Pereira de Araújo
Varzea alegre,Rua Sebastião Lopes Ribeiro
Varzea alegre,Rua Vicente Lima Ramalho
Varzea alegre,Rua Vila Scipião
Varzea alegre,Rua Vital Átila Silva Menezes
Varzea alegre,Travessa Custódia Oliveira
Varzea alegre,Travessa Dom Lino
Varzea alegre,Travessa Ocilon Lopes
Varzea alegre,Travessa Rosa Alegre
Nossa Senhora de Fatima,Rua Joaquim de Caastro Meireles
Nossa Senhora de Fatima,Rua João Luiz Santiago
Nossa Senhora de Fatima,Rua João Maciel Pereira
Nossa Senhora de Fatima,Rua Padre Antônio Araújo
Nossa Senhora de Fatima,Rua Padre Estevão
Nossa Senhora de Fatima,Travessa Carlos Pontes
Nossa Senhora de Fatima,Travessa João Silva
Nossa Senhora de Fatima,Travessa Raimundo Maciel Pereira
Tabuleiro do Catavento,Avenida Coronel Antônio Cordeiro
Tabuleiro do Catavento,Avenida Nincanor Baltazar de Oliveira
Tabuleiro do Catavento,Rua Corina Lima Biana
Tabuleiro do Catavento,Rua Dezesete
Tabuleiro do Catavento,Rua Diva Barbosa Meireles
Tabuleiro do Catavento,Rua Edmilson Luciano Cruz
Tabuleiro do Catavento,Rua Fernando de Paula Cabral
Tabuleiro do Catavento,Rua Francisco Aldenir de Jesus
Tabuleiro do Catavento,Rua Francisco Sergio Rodrigues de Lima
Tabuleiro do Catavento,Rua Gerardo Aleixo dos Santos
Tabuleiro do Catavento,Rua José Alberto
Tabuleiro do Catavento,Rua José da Costa Celedônio
Tabuleiro do Catavento,Rua José Hélder Mendonça Moreira
Tabuleiro do Catavento,Rua José Pereira do Nascimento
Tabuleiro do Catavento,Rua José Ricardo da Silva
Tabuleiro do Catavento,Rua Maria das Graças da Silva
Tabuleiro do Catavento,Rua Maria Ivonete Lima Biana
Tabuleiro do Catavento,Rua Nicácia Alves de Sousa
Tabuleiro do Catavento,Rua Porfírio Pereira da Cunha
Tabuleiro do Catavento,Rua Professor Francisco Vieira
Tabuleiro do Catavento,Rua Vinte e Oito
Tabuleiro do Catavento,Rua Vinte e Quatro
Tabuleiro do Catavento,Rua Waldemar de Sousa Pinheiro
Lagoa do Toco,Avenida Coronel Antônio Cordeiro
Lagoa do Toco,Avenida Delta
Lagoa do Toco,Rua Ômega
Lagoa do Toco,Rua Cícero Souza dos Santos
Lagoa do Toco,Rua Doze
Lagoa do Toco,Rua Francisco Aldenir de Jesus
Lagoa do Toco,Rua Joaquim de Sousa Barreto
Lagoa do Toco,Rua João Martins de Almeida
Lagoa do Toco,Rua José Ivanir Bessa
Lagoa do Toco,Rua José Ricardo da Silva
Lagoa do Toco,Rua Nove
Lagoa do Toco,Rua Quatorze
Lagoa do Toco,Rua Treze
Lagoa do Toco,Rua Vasco da Gama
Planalto da Catumbela,Avenida Francisco Raimundo de Oliveira
Planalto da Catumbela,Avenida Irmã Maria da Graça
Planalto da Catumbela,Avenida Padre Alípio Rodrigues de Oliveira
Planalto da Catumbela,Rua Agostinho Carlos Santiago
Planalto da Catumbela,Rua Alfa
Planalto da Catumbela,Rua Ana Lina Biana
Planalto da Catumbela,Rua André Moreira
Planalto da Catumbela,Rua Bom Jesus
Planalto da Catumbela,Rua Cônego Agostinho
Planalto da Catumbela,Rua Cinco
Planalto da Catumbela,Rua Hipólito Santiago de Lima
Planalto da Catumbela,Rua Joaquim Nogueira de Araújo
Planalto da Catumbela,Rua João Ricardo
Planalto da Catumbela,Rua José José Rosmildo Moura Maia
Planalto da Catumbela,Rua José Nildomar de Oliveira
Planalto da Catumbela,Rua José Plácido Gonçalves
Planalto da Catumbela,Rua Pedro Rocha Maia
Planalto da Catumbela,Rua Prefeito Eliseu de Lima
Planalto da Catumbela,Rua Prefeito Eliseu Ferreira Lima
Planalto da Catumbela,Rua Prefeito José Martins de Santiago
Planalto da Catumbela,Rua Prefeito Vicente Veloso
Planalto da Catumbela,Rua Raimundo Agostinho Santiago
Planalto da Catumbela,Rua Raimundo Lopes da Silva
Planalto da Catumbela,Rua Raimundo Pelopidas de Araújo
Planalto da Catumbela,Rua Rio Vale
Planalto da Catumbela,Rua Sargento Paulo Célio Santiago Félix
Planalto da Catumbela,Rua Valdivino Santiago
Planalto da Catumbela,Travessa Antônio Gonçalves
Planalto da Catumbela,Travessa Rio Vale
Planalto da Catumbela,Travessa Vinte e Cinco de Agosto
Centro,Avenida Coronel Antônio Cordeiro
Centro,Avenida Coronel Araújo Lima
Centro,Avenida Don Lino
Centro,Rua Antônio Clemente da Rocha
Centro,Rua Arahibu
Centro,Rua Cônego Agostinho
Centro,Rua Coronel José Vieira
Centro,Rua Coronel Perdigão Sobrinho
Centro,Rua Doutor José Ramalho
Centro,Rua Doutor Luis Nogueira
Centro,Rua João Félix de Lima
Centro,Rua João Félix Neto
Centro,Rua João Maciel Pereira
Centro,Rua José Delfino Júnior
Centro,Rua José Felipe Santiago
Centro,Rua Padre Raul Vieira
Centro,Rua Padre Zacarias Ramalho
Centro,Rua São José
Centro,Rua Vereador Joel Correia Lima
Centro,Rua Vicente Veloso
Centro,Travessa Acelino Pontes
Centro,Travessa Agostinho de Sousa
Centro,Travessa Doutor Luís Nogueira
Centro,Travessa Francisco Rodrigues
Centro,Travessa Joaquim Nogueira da Costa
Centro,Travessa Luís Matins Couto
Centro,Travessa Professor Aprígio
Centro,Travessa Tabelião Santiago
Centro,Travessa Tabelião Teodorico Veloso
Centro,Travessa Vinte e Cinco de Agosto
Centro,Travessa José de Deus
Vila Gonçalves,Avenida Gonçalves
Vila Gonçalves,Rua Camilo Ferreira Lima
Vila Gonçalves,Rua Doutor João Maciel Filho
Vila Gonçalves,Rua João do Carmo Rebouças
Vila Gonçalves,rua João Ivo Xavier
Vila Gonçalves,Rua João Maciel Pereira
Vila Gonçalves,Rua José Xavier Ribeiro
Vila Gonçalves,Rua Nossa Senhora de Fátima
Vila Gonçalves,Rua Padre Estevão
Vila Gonçalves,Rua Raimundo Rodrigues de Araújo
Vila Gonçalves,Rua Sebastião Santiago
Vila Gonçalves,Travessa Aníbal Deodato
Vila Gonçalves,Travessa João Félix
Vila Gonçalves,Travessa Padre Estevão II
Vila Gonçalves,Travessa Professor Agostinho Gonçalves Santiago
Vila Gonçalves,Travessa Raimundo Maciel Pereira
Guanabara,Avenida Coronel Antônio Cordeiro
Guanabara,Estrada Centro ao Conjunto Gerardo Matoso
Guanabara,Rua Dionísio de Sousa
Guanabara,Rua Doutor Daltro Holanda
Guanabara,Rua Doutor Daltron Holanda
Guanabara,Rua Doutor Florêncio de Mendonça
Guanabara,Rua Doutora Lucelena Barreto da Silva
Guanabara,Rua Eliza Maciel Santiago
Guanabara,Rua Governador Raul Barbosa
Guanabara,Rua Joaquim Perdigão
Guanabara,Rua Padre Marcondes
Guanabara,Travessa Hamilca Távora
Guanabara,Travessa João Nogueira da Costa
Guanabara,Travessa José de Deus
Alto sao joao,Rua Zacarias Rodrigues
Ypiranga,Avenida Irmã Maria da Graça
Ypiranga,Rua André Moreira
Ypiranga,Rua Corredor dos Raimundos Magos
Ypiranga,Rua Doutor Inácio Simões
Ypiranga,Rua Fernando Santiago
Ypiranga,Rua Luís Lula Moreira
Ypiranga,Rua Monsenhor João Luís
Ypiranga,Rua Monsenhor João Luiz
Ypiranga,Rua Professor Walker Cavalcante
Ypiranga,Rua Solon José da Silva
Ypiranga,Travessa Pedro Araújo
Poço redondo,Rua João Maciel Pereira
Alto do velame,Rua Felipe Santiago
Alto do velame,Rua Gonçalves Cordeiro
Alto do velame,Rua João Gonçalves Cordeiro
